CREATE TABLE payments (
    paymentid SERIAL PRIMARY KEY,
    userid VARCHAR NOT NULL,
    loanid VARCHAR NOT NULL,
    accounttoken VARCHAR NOT NULL,
    amount NUMERIC(12, 2) NOT NULL DEFAULT 0.00,
    paymentdate TIMESTAMP DEFAULT CURRENT_TIMESTAMP
);

CREATE TABLE loans (
    loanid SERIAL PRIMARY KEY,
    loannumber VARCHAR NOT NULL UNIQUE,
    loanname VARCHAR NOT NULL,
    balance NUMERIC(12, 2) NOT NULL DEFAULT 0.00
);

CREATE TABLE accounts (
    accountid SERIAL PRIMARY KEY,
    accounttoken VARCHAR NOT NULL,
    accountname VARCHAR NOT NULL,
    accountlast4 NUMERIC(4, 0),
    accountexpmonth NUMERIC(4, 0) NOT NULL DEFAULT 0,
    accountexpyear NUMERIC(4, 0) NOT NULL DEFAULT 0,
    accounttype NUMERIC(4, 0) NOT NULL DEFAULT 0,
    balance NUMERIC(12, 2) NOT NULL DEFAULT 0.00
);

INSERT INTO
    loans (loannumber, loanname, balance)
VALUES (
        'CL-1024582-A',
        'Carl''s Material Loan',
        3256.29
    ),
    (
        'CL-1024582-B',
        'Carl''s Doomsday Loan',
        623450.25
    ),
    (
        'KT-1058789-A',
        'Katia''s Metal Loan',
        6462.42
    ),
    (
        'MD-1089865-A',
        'Mordecai''s Alchemy Loan',
        176452.22
    ),
    (
        'DN-1096587-A',
        'Donut''s Jewelry Loan',
        1589447.29
    ),
    (
        'DN-1096587-B',
        'Donut''s Princess Posse Business Loan',
        4552135.86
    );

INSERT INTO
    accounts (
        accounttoken,
        accountname,
        accountlast4,
        accountexpmonth,
        accountexpyear,
        accounttype,
        balance
    )
VALUES (
        'a202143cf223f44b3c9449f810e4789a900376af269464037d6d7f0724b71cc1',
        'Carl''s Valtay Visa',
        7890,
        10,
        2025,
        2,
        569875.29
    ),
    (
        '20589548633df4b041d7bb115487abeb390c5445559234c29b25fa8e82ac1bb2',
        'Carl''s Personal Syndicate Checking',
        6530,
        6,
        2038,
        1,
        10002579.25
    ),
    (
        '6199d15034c77723a36215601cbb2d8ccef56517b936d1fa7f0bbc9d7b53da06',
        'Katia''s Apothecary Amex',
        4125,
        4,
        2029,
        2,
        26986.28
    ),
    (
        '8de5dae600b5b868dfb4c7e16b3eb2e36825287a2cce075a9cffa70dab00aed2',
        'Mordecai''s Dunegon Discover',
        3626,
        2,
        2231,
        2,
        16987584.22
    ),
    (
        '394886d5430248d56875ebdf019ab4e8b1e5469a6251b0b9b6bd91c93dff114e',
        'Donut''s Blood Sultanate MasterCard',
        1234,
        8,
        2104,
        2,
        1589447.29
    );

INSERT INTO
    payments (
        userid,
        amount,
        loanid,
        accounttoken,
        paymentdate
    )
VALUES (
        '5bc07199-3f72-4abd-968e-416d438c35c4',
        3297.57,
        'MD-1089865-A',
        'a202143cf223f44b3c9449f810e4789a900376af269464037d6d7f0724b71cc1',
        '2023-04-28 14:28:24'
    ),
    (
        'f9a24f6b-fbb8-43b5-9a98-01c7abe544c7',
        2993.73,
        'MD-1089865-A',
        '20589548633df4b041d7bb115487abeb390c5445559234c29b25fa8e82ac1bb2',
        '2023-12-10 00:33:13'
    ),
    (
        'cb078905-462e-472c-bb9f-1a4729fbf80d',
        57.23,
        'CL-1024582-A',
        '20589548633df4b041d7bb115487abeb390c5445559234c29b25fa8e82ac1bb2',
        '2022-07-23 08:01:20'
    ),
    (
        '4bdf881f-4d6a-41e5-8a61-057e4a7db918',
        114.22,
        'KT-1058789-A',
        '394886d5430248d56875ebdf019ab4e8b1e5469a6251b0b9b6bd91c93dff114e',
        '2023-02-21 08:44:05'
    ),
    (
        '92ebcc97-aa53-4d47-8364-f113a7f05944',
        29285.87,
        'DN-1096587-A',
        '6199d15034c77723a36215601cbb2d8ccef56517b936d1fa7f0bbc9d7b53da06',
        '2023-07-02 08:08:40'
    ),
    (
        '1a4ece0b-7041-4508-aaa2-6e005deaab24',
        10017.13,
        'CL-1024582-B',
        'a202143cf223f44b3c9449f810e4789a900376af269464037d6d7f0724b71cc1',
        '2024-02-02 19:50:42'
    ),
    (
        'e35f41a8-0e96-4faf-bdda-8d46e4d00be2',
        60.1,
        'CL-1024582-A',
        'a202143cf223f44b3c9449f810e4789a900376af269464037d6d7f0724b71cc1',
        '2024-04-21 02:23:09'
    ),
    (
        '512c246e-81cf-49d4-9fc5-ac0317bbbb58',
        27683.7,
        'DN-1096587-A',
        '8de5dae600b5b868dfb4c7e16b3eb2e36825287a2cce075a9cffa70dab00aed2',
        '2022-10-17 23:10:59'
    ),
    (
        '0e7b55e7-4974-4958-a365-24cd130d53e7',
        86258.19,
        'DN-1096587-B',
        '8de5dae600b5b868dfb4c7e16b3eb2e36825287a2cce075a9cffa70dab00aed2',
        '2022-12-09 20:28:11'
    ),
    (
        '0d7ef6d9-67d5-478b-85a1-d83207a2e860',
        80813.27,
        'DN-1096587-B',
        '394886d5430248d56875ebdf019ab4e8b1e5469a6251b0b9b6bd91c93dff114e',
        '2025-06-15 04:14:36'
    ),
    (
        'bc3ceae2-840c-4656-881c-be7de35dc549',
        10306.68,
        'CL-1024582-B',
        '20589548633df4b041d7bb115487abeb390c5445559234c29b25fa8e82ac1bb2',
        '2024-06-25 15:59:19'
    ),
    (
        '794edf6c-7ddc-460d-9357-696a361ed754',
        110.15,
        'KT-1058789-A',
        '8de5dae600b5b868dfb4c7e16b3eb2e36825287a2cce075a9cffa70dab00aed2',
        '2025-04-09 07:38:01'
    ),
    (
        '8bb9ab55-c30d-4138-9e9f-92c57209528c',
        117.82,
        'KT-1058789-A',
        '394886d5430248d56875ebdf019ab4e8b1e5469a6251b0b9b6bd91c93dff114e',
        '2025-04-12 11:08:08'
    ),
    (
        '14809744-a19f-41e3-b329-09bf382be9fd',
        28760.66,
        'DN-1096587-A',
        '20589548633df4b041d7bb115487abeb390c5445559234c29b25fa8e82ac1bb2',
        '2024-12-14 02:40:58'
    ),
    (
        'dc6ecc8b-8947-4150-bbab-c38368340cb9',
        28612.04,
        'DN-1096587-A',
        '20589548633df4b041d7bb115487abeb390c5445559234c29b25fa8e82ac1bb2',
        '2022-02-04 04:07:26'
    ),
    (
        '1a6ecf64-815b-41eb-9de6-24066cc5644a',
        57.86,
        'CL-1024582-A',
        'a202143cf223f44b3c9449f810e4789a900376af269464037d6d7f0724b71cc1',
        '2024-12-13 00:13:44'
    ),
    (
        '49eaecf8-d78f-41ce-9bed-7c7f9e3fe303',
        10126.73,
        'CL-1024582-B',
        '6199d15034c77723a36215601cbb2d8ccef56517b936d1fa7f0bbc9d7b53da06',
        '2025-02-27 17:14:49'
    ),
    (
        '006f9a15-7ced-453d-b110-284f0449c8a5',
        3306.45,
        'MD-1089865-A',
        'a202143cf223f44b3c9449f810e4789a900376af269464037d6d7f0724b71cc1',
        '2024-07-13 13:22:50'
    ),
    (
        'f7511c92-58d0-4047-9048-13daf166ec8f',
        9855.95,
        'CL-1024582-B',
        '394886d5430248d56875ebdf019ab4e8b1e5469a6251b0b9b6bd91c93dff114e',
        '2025-02-01 14:45:57'
    ),
    (
        '38c05974-6578-4bf2-b197-94b8cb8f2346',
        84474.08,
        'DN-1096587-B',
        '8de5dae600b5b868dfb4c7e16b3eb2e36825287a2cce075a9cffa70dab00aed2',
        '2022-07-24 07:52:46'
    ),
    (
        '135b110f-e096-4add-860c-63f08f3da559',
        56.86,
        'CL-1024582-A',
        '394886d5430248d56875ebdf019ab4e8b1e5469a6251b0b9b6bd91c93dff114e',
        '2022-05-15 05:38:01'
    ),
    (
        'c1fbd52a-8264-47c1-8dd2-10e30f9bc26b',
        3098.79,
        'MD-1089865-A',
        '20589548633df4b041d7bb115487abeb390c5445559234c29b25fa8e82ac1bb2',
        '2025-07-09 14:36:41'
    ),
    (
        '9143a6fa-8178-4ee1-b1d8-da26d92c0596',
        3306.85,
        'MD-1089865-A',
        'a202143cf223f44b3c9449f810e4789a900376af269464037d6d7f0724b71cc1',
        '2022-05-29 22:25:56'
    ),
    (
        '046264d8-af92-4ab3-bd28-b772c0109c3f',
        27836.81,
        'DN-1096587-A',
        '394886d5430248d56875ebdf019ab4e8b1e5469a6251b0b9b6bd91c93dff114e',
        '2022-11-22 05:27:13'
    ),
    (
        '173cc9ac-bc6e-4ce4-9437-098215abe3ef',
        2825.5,
        'MD-1089865-A',
        'a202143cf223f44b3c9449f810e4789a900376af269464037d6d7f0724b71cc1',
        '2024-06-26 19:12:14'
    ),
    (
        '802cc5d2-0a85-4ab7-a496-a9e516d4818f',
        78452.13,
        'DN-1096587-B',
        '394886d5430248d56875ebdf019ab4e8b1e5469a6251b0b9b6bd91c93dff114e',
        '2022-10-19 20:28:25'
    ),
    (
        'cf12b38e-8da1-4dbd-a3c7-2d36c0b27cda',
        25268.86,
        'DN-1096587-A',
        '394886d5430248d56875ebdf019ab4e8b1e5469a6251b0b9b6bd91c93dff114e',
        '2025-06-14 12:13:05'
    ),
    (
        '79039ece-7a11-4fdd-ba78-094a3ba135ae',
        109.23,
        'KT-1058789-A',
        '8de5dae600b5b868dfb4c7e16b3eb2e36825287a2cce075a9cffa70dab00aed2',
        '2022-12-31 05:08:12'
    ),
    (
        'bfb8ab72-eff7-4376-9ca0-ff3af83b3bdc',
        26152.71,
        'DN-1096587-A',
        '8de5dae600b5b868dfb4c7e16b3eb2e36825287a2cce075a9cffa70dab00aed2',
        '2022-01-02 03:05:30'
    ),
    (
        'ef137b41-cadb-484c-96d9-319f99f6abde',
        3024.88,
        'MD-1089865-A',
        '394886d5430248d56875ebdf019ab4e8b1e5469a6251b0b9b6bd91c93dff114e',
        '2023-08-30 14:53:01'
    ),
    (
        '5323b51f-3f62-4b16-a89a-f0f5ba038f6c',
        73955.14,
        'DN-1096587-B',
        '20589548633df4b041d7bb115487abeb390c5445559234c29b25fa8e82ac1bb2',
        '2025-01-17 09:12:37'
    ),
    (
        '34a31929-9065-4943-8b00-d5f36cd85abd',
        115.64,
        'KT-1058789-A',
        '20589548633df4b041d7bb115487abeb390c5445559234c29b25fa8e82ac1bb2',
        '2022-09-05 08:19:37'
    ),
    (
        '4bfec74e-0148-42fa-8636-ff7346892be3',
        72390.59,
        'DN-1096587-B',
        '20589548633df4b041d7bb115487abeb390c5445559234c29b25fa8e82ac1bb2',
        '2025-02-13 10:10:08'
    ),
    (
        'b414bbf9-dc79-4b48-8522-41cb3f3e5274',
        2850.33,
        'MD-1089865-A',
        '394886d5430248d56875ebdf019ab4e8b1e5469a6251b0b9b6bd91c93dff114e',
        '2024-11-14 14:56:12'
    ),
    (
        '4ab33fa0-a330-4979-939d-6c018e239275',
        56.36,
        'CL-1024582-A',
        '20589548633df4b041d7bb115487abeb390c5445559234c29b25fa8e82ac1bb2',
        '2023-03-09 02:01:17'
    ),
    (
        '8ee9a0f1-a829-4c71-ad30-612ceea7cacd',
        26976.83,
        'DN-1096587-A',
        '20589548633df4b041d7bb115487abeb390c5445559234c29b25fa8e82ac1bb2',
        '2023-07-16 23:54:37'
    ),
    (
        '4da0a23a-0482-4091-97d5-6fb47accadb7',
        27361.07,
        'DN-1096587-A',
        '8de5dae600b5b868dfb4c7e16b3eb2e36825287a2cce075a9cffa70dab00aed2',
        '2023-11-18 16:23:29'
    ),
    (
        '8bfaee6b-ee41-48d4-bbad-63927f5f8a6f',
        108.32,
        'KT-1058789-A',
        'a202143cf223f44b3c9449f810e4789a900376af269464037d6d7f0724b71cc1',
        '2024-10-02 14:12:04'
    ),
    (
        '657ee53b-243b-407b-a5c1-3a5f11c5bbd6',
        3174.69,
        'MD-1089865-A',
        '20589548633df4b041d7bb115487abeb390c5445559234c29b25fa8e82ac1bb2',
        '2023-08-19 15:01:42'
    ),
    (
        'e214b935-e5bf-40fd-b879-070f114f627e',
        55.39,
        'CL-1024582-A',
        '6199d15034c77723a36215601cbb2d8ccef56517b936d1fa7f0bbc9d7b53da06',
        '2025-01-20 07:57:38'
    ),
    (
        'b98b723f-ab2c-494c-9529-0dfb10a34cce',
        2977.74,
        'MD-1089865-A',
        '6199d15034c77723a36215601cbb2d8ccef56517b936d1fa7f0bbc9d7b53da06',
        '2025-03-31 17:20:29'
    ),
    (
        '04f09ad2-7617-4bcc-9b18-00caa846670a',
        28837.07,
        'DN-1096587-A',
        '20589548633df4b041d7bb115487abeb390c5445559234c29b25fa8e82ac1bb2',
        '2022-11-09 16:51:01'
    ),
    (
        '53d54a13-1092-46aa-a6a3-251ec50fd165',
        57.72,
        'CL-1024582-A',
        '8de5dae600b5b868dfb4c7e16b3eb2e36825287a2cce075a9cffa70dab00aed2',
        '2024-04-13 16:48:35'
    ),
    (
        'b6c5cf4c-63ac-4b02-9d75-752bf8b95ba5',
        29717.07,
        'DN-1096587-A',
        '394886d5430248d56875ebdf019ab4e8b1e5469a6251b0b9b6bd91c93dff114e',
        '2022-02-10 20:53:06'
    ),
    (
        'd218e2f3-8b70-4494-af73-19efc40ef909',
        3185.8,
        'MD-1089865-A',
        '20589548633df4b041d7bb115487abeb390c5445559234c29b25fa8e82ac1bb2',
        '2022-12-08 15:00:32'
    ),
    (
        '624b6c1c-8c2b-4b59-880b-7c49eff673b5',
        2821.69,
        'MD-1089865-A',
        '6199d15034c77723a36215601cbb2d8ccef56517b936d1fa7f0bbc9d7b53da06',
        '2025-03-02 08:21:02'
    ),
    (
        '88e5157a-27f4-4923-ae38-f4a08188771f',
        26129.73,
        'DN-1096587-A',
        '20589548633df4b041d7bb115487abeb390c5445559234c29b25fa8e82ac1bb2',
        '2024-04-05 13:37:24'
    ),
    (
        '4a395e1d-4441-4483-81dc-582f89d4e5fd',
        11947.45,
        'CL-1024582-B',
        '8de5dae600b5b868dfb4c7e16b3eb2e36825287a2cce075a9cffa70dab00aed2',
        '2023-05-12 00:40:51'
    ),
    (
        '149ea0a2-c05e-408a-a436-ee9b2d4c3c56',
        3006.35,
        'MD-1089865-A',
        '8de5dae600b5b868dfb4c7e16b3eb2e36825287a2cce075a9cffa70dab00aed2',
        '2023-10-07 17:06:24'
    ),
    (
        'c6ab0bbd-1642-4660-8ca7-a07ccbdc06fb',
        106.55,
        'KT-1058789-A',
        'a202143cf223f44b3c9449f810e4789a900376af269464037d6d7f0724b71cc1',
        '2025-03-12 06:56:54'
    ),
    (
        'c0abc4a1-87ad-4def-80c1-fc3a512a66d5',
        2810.08,
        'MD-1089865-A',
        '394886d5430248d56875ebdf019ab4e8b1e5469a6251b0b9b6bd91c93dff114e',
        '2025-03-08 13:11:01'
    ),
    (
        'c39a94e9-fbd8-4c07-aecf-ab00d19efb8a',
        11947.98,
        'CL-1024582-B',
        'a202143cf223f44b3c9449f810e4789a900376af269464037d6d7f0724b71cc1',
        '2023-06-14 07:49:56'
    ),
    (
        '4311bf40-ef43-4731-bdb4-9dfd341f81e8',
        3186.77,
        'MD-1089865-A',
        '20589548633df4b041d7bb115487abeb390c5445559234c29b25fa8e82ac1bb2',
        '2023-07-01 02:51:51'
    ),
    (
        '2cdb9fe8-fabf-4ddc-9712-288079383f49',
        57.32,
        'CL-1024582-A',
        '394886d5430248d56875ebdf019ab4e8b1e5469a6251b0b9b6bd91c93dff114e',
        '2025-05-31 08:06:49'
    ),
    (
        '0270a36e-1666-4bc6-b9f0-86ac17ea88f9',
        110.12,
        'KT-1058789-A',
        '20589548633df4b041d7bb115487abeb390c5445559234c29b25fa8e82ac1bb2',
        '2025-05-03 16:45:52'
    ),
    (
        'd206a3cf-0bbc-4e39-95e7-113236dbdc5f',
        60.15,
        'CL-1024582-A',
        'a202143cf223f44b3c9449f810e4789a900376af269464037d6d7f0724b71cc1',
        '2024-04-04 00:30:22'
    ),
    (
        '052c77a6-014a-4a86-8de9-40de1d68ee2e',
        55.5,
        'CL-1024582-A',
        '20589548633df4b041d7bb115487abeb390c5445559234c29b25fa8e82ac1bb2',
        '2023-07-27 19:51:21'
    ),
    (
        'ec54c372-89e8-45b8-965b-c94f23c1e97f',
        60.62,
        'CL-1024582-A',
        'a202143cf223f44b3c9449f810e4789a900376af269464037d6d7f0724b71cc1',
        '2023-08-12 19:38:21'
    ),
    (
        '67fb492e-40ee-49e8-b431-556b6c744919',
        85266.81,
        'DN-1096587-B',
        '394886d5430248d56875ebdf019ab4e8b1e5469a6251b0b9b6bd91c93dff114e',
        '2022-09-01 00:46:47'
    ),
    (
        '5573ad55-5f06-4669-96ab-42d37da4362a',
        26726.86,
        'DN-1096587-A',
        '6199d15034c77723a36215601cbb2d8ccef56517b936d1fa7f0bbc9d7b53da06',
        '2024-03-09 15:21:11'
    ),
    (
        '3fb6d631-246a-4744-a3a0-e8f392d7241b',
        56.1,
        'CL-1024582-A',
        '6199d15034c77723a36215601cbb2d8ccef56517b936d1fa7f0bbc9d7b53da06',
        '2022-12-07 09:45:22'
    ),
    (
        '5a27de6b-893d-4d7a-abe0-394a756db065',
        25630.79,
        'DN-1096587-A',
        '20589548633df4b041d7bb115487abeb390c5445559234c29b25fa8e82ac1bb2',
        '2022-04-03 12:53:08'
    ),
    (
        'a8f3bbbc-b374-410c-86da-e616070e509a',
        28438.65,
        'DN-1096587-A',
        '394886d5430248d56875ebdf019ab4e8b1e5469a6251b0b9b6bd91c93dff114e',
        '2023-12-19 15:33:00'
    ),
    (
        '72a5e3b4-3ffd-4d8c-a1ae-b409f49a606d',
        82464.32,
        'DN-1096587-B',
        '6199d15034c77723a36215601cbb2d8ccef56517b936d1fa7f0bbc9d7b53da06',
        '2024-07-03 22:26:00'
    ),
    (
        'ce18f1fd-efd4-4de4-86ff-e67e23903fdc',
        107.75,
        'KT-1058789-A',
        'a202143cf223f44b3c9449f810e4789a900376af269464037d6d7f0724b71cc1',
        '2023-01-11 10:12:07'
    ),
    (
        'd4dc3c4d-bd59-44da-a31f-faee29a4f450',
        82336.69,
        'DN-1096587-B',
        '6199d15034c77723a36215601cbb2d8ccef56517b936d1fa7f0bbc9d7b53da06',
        '2022-09-03 09:46:51'
    ),
    (
        'e8125596-9d00-4eae-9561-98bd811d82e3',
        2898.37,
        'MD-1089865-A',
        '8de5dae600b5b868dfb4c7e16b3eb2e36825287a2cce075a9cffa70dab00aed2',
        '2022-12-08 06:23:32'
    ),
    (
        '6c2a8408-fd08-42b0-949a-832edb83f8a0',
        82933.06,
        'DN-1096587-B',
        'a202143cf223f44b3c9449f810e4789a900376af269464037d6d7f0724b71cc1',
        '2022-07-11 03:34:35'
    ),
    (
        'b697ed68-5a62-42f4-b604-34458c3488df',
        3288.94,
        'MD-1089865-A',
        'a202143cf223f44b3c9449f810e4789a900376af269464037d6d7f0724b71cc1',
        '2024-03-08 14:31:26'
    ),
    (
        '91b24945-440e-43a2-9ccb-97b9f3b9d59c',
        102.46,
        'KT-1058789-A',
        '6199d15034c77723a36215601cbb2d8ccef56517b936d1fa7f0bbc9d7b53da06',
        '2023-02-21 08:19:30'
    ),
    (
        '84c9a5b0-4ee7-4946-a910-a7d238ae1db4',
        80869.98,
        'DN-1096587-B',
        'a202143cf223f44b3c9449f810e4789a900376af269464037d6d7f0724b71cc1',
        '2022-09-16 21:00:04'
    ),
    (
        '0f6fc34f-8e39-42c2-9824-749a52137fec',
        27675.4,
        'DN-1096587-A',
        '20589548633df4b041d7bb115487abeb390c5445559234c29b25fa8e82ac1bb2',
        '2024-04-28 09:11:17'
    ),
    (
        '8cf0fff6-99d1-4605-9bb2-52070fc0a8e2',
        3144.42,
        'MD-1089865-A',
        '6199d15034c77723a36215601cbb2d8ccef56517b936d1fa7f0bbc9d7b53da06',
        '2025-04-07 14:02:31'
    ),
    (
        'd90127f1-a7c1-48bc-b301-657218ba746e',
        28955.84,
        'DN-1096587-A',
        '394886d5430248d56875ebdf019ab4e8b1e5469a6251b0b9b6bd91c93dff114e',
        '2023-09-28 23:03:02'
    ),
    (
        'a734aa63-bf4c-41eb-b27e-f29360784de4',
        117.07,
        'KT-1058789-A',
        '394886d5430248d56875ebdf019ab4e8b1e5469a6251b0b9b6bd91c93dff114e',
        '2023-10-10 05:39:58'
    ),
    (
        'a9129c34-4eb6-4543-b496-37cd1cd7a08a',
        28568.58,
        'DN-1096587-A',
        '20589548633df4b041d7bb115487abeb390c5445559234c29b25fa8e82ac1bb2',
        '2023-08-12 11:43:57'
    ),
    (
        'ba172262-cc66-400a-a796-fe676e13b9b4',
        82152.39,
        'DN-1096587-B',
        'a202143cf223f44b3c9449f810e4789a900376af269464037d6d7f0724b71cc1',
        '2023-11-23 17:38:58'
    ),
    (
        '909f5c0b-fa9e-4eb1-9e49-e5a6cd5f4b07',
        60.95,
        'CL-1024582-A',
        '394886d5430248d56875ebdf019ab4e8b1e5469a6251b0b9b6bd91c93dff114e',
        '2024-03-02 09:48:58'
    ),
    (
        '91f117d9-9c9b-45ca-9d5b-9c52a22c1663',
        112.87,
        'KT-1058789-A',
        'a202143cf223f44b3c9449f810e4789a900376af269464037d6d7f0724b71cc1',
        '2023-12-20 13:03:23'
    ),
    (
        '47071284-6558-4f3d-b658-bb3b00bb8761',
        110.64,
        'KT-1058789-A',
        '8de5dae600b5b868dfb4c7e16b3eb2e36825287a2cce075a9cffa70dab00aed2',
        '2023-05-20 05:27:12'
    ),
    (
        'f097d112-902f-44ce-b0ae-429fef4f0a22',
        75524.98,
        'DN-1096587-B',
        '6199d15034c77723a36215601cbb2d8ccef56517b936d1fa7f0bbc9d7b53da06',
        '2022-06-12 18:51:45'
    ),
    (
        'deb7c819-b48f-4e41-853b-05a770356184',
        10878.95,
        'CL-1024582-B',
        'a202143cf223f44b3c9449f810e4789a900376af269464037d6d7f0724b71cc1',
        '2022-07-25 15:13:36'
    ),
    (
        '1439aaea-2580-408a-8e7e-54e1af569f4b',
        29854.46,
        'DN-1096587-A',
        'a202143cf223f44b3c9449f810e4789a900376af269464037d6d7f0724b71cc1',
        '2023-10-02 01:03:02'
    ),
    (
        '082496ea-d25a-42f4-9938-523c736d2cbf',
        74811.03,
        'DN-1096587-B',
        '394886d5430248d56875ebdf019ab4e8b1e5469a6251b0b9b6bd91c93dff114e',
        '2024-11-12 21:26:45'
    ),
    (
        'fca6c32d-9988-425d-bd6f-5edca362a97a',
        2819.14,
        'MD-1089865-A',
        '8de5dae600b5b868dfb4c7e16b3eb2e36825287a2cce075a9cffa70dab00aed2',
        '2024-07-24 01:53:17'
    ),
    (
        'dd3a6240-7731-4b17-beb4-fdd686a948d0',
        84527.88,
        'DN-1096587-B',
        'a202143cf223f44b3c9449f810e4789a900376af269464037d6d7f0724b71cc1',
        '2023-04-26 03:42:58'
    ),
    (
        'e7e25ad3-9e56-41cf-acef-356f41a2acda',
        10021.6,
        'CL-1024582-B',
        '20589548633df4b041d7bb115487abeb390c5445559234c29b25fa8e82ac1bb2',
        '2022-07-01 06:07:57'
    ),
    (
        'ba539d70-353f-43bf-9ac0-c363886bbe94',
        102.48,
        'KT-1058789-A',
        '6199d15034c77723a36215601cbb2d8ccef56517b936d1fa7f0bbc9d7b53da06',
        '2023-08-30 20:28:56'
    ),
    (
        '44ff4d46-b75f-4c3c-82da-244e2eab2190',
        81873.65,
        'DN-1096587-B',
        '20589548633df4b041d7bb115487abeb390c5445559234c29b25fa8e82ac1bb2',
        '2024-06-11 13:55:25'
    ),
    (
        'db3fd029-9d90-41f8-90cf-7fd70c994fed',
        10189.06,
        'CL-1024582-B',
        '8de5dae600b5b868dfb4c7e16b3eb2e36825287a2cce075a9cffa70dab00aed2',
        '2024-04-21 15:07:24'
    ),
    (
        '3e0e9949-6932-4988-8d0f-dfc8bdc3f14c',
        75858.67,
        'DN-1096587-B',
        '394886d5430248d56875ebdf019ab4e8b1e5469a6251b0b9b6bd91c93dff114e',
        '2023-04-07 11:09:48'
    ),
    (
        'ca19be71-710e-47dd-8e3c-13b5e0d94b6c',
        77028.3,
        'DN-1096587-B',
        '394886d5430248d56875ebdf019ab4e8b1e5469a6251b0b9b6bd91c93dff114e',
        '2023-11-07 21:03:59'
    ),
    (
        '940cb77c-97d8-4ce1-9665-e338b3509c3b',
        72010.05,
        'DN-1096587-B',
        '6199d15034c77723a36215601cbb2d8ccef56517b936d1fa7f0bbc9d7b53da06',
        '2023-01-17 17:59:07'
    ),
    (
        '91678076-4294-440f-9787-f8b10c3d0108',
        10679.16,
        'CL-1024582-B',
        'a202143cf223f44b3c9449f810e4789a900376af269464037d6d7f0724b71cc1',
        '2024-10-21 00:56:43'
    ),
    (
        '97e8886b-e9a2-4dc8-8df8-956f1eae382f',
        112.43,
        'KT-1058789-A',
        '394886d5430248d56875ebdf019ab4e8b1e5469a6251b0b9b6bd91c93dff114e',
        '2022-09-28 22:16:04'
    ),
    (
        'bb10efe8-70d1-4bf8-b211-cba2b80c9044',
        117.88,
        'KT-1058789-A',
        '20589548633df4b041d7bb115487abeb390c5445559234c29b25fa8e82ac1bb2',
        '2025-06-30 10:46:25'
    ),
    (
        '8e6208aa-d2cc-40d8-8956-4a8ed80b0c1b',
        30575.21,
        'DN-1096587-A',
        '8de5dae600b5b868dfb4c7e16b3eb2e36825287a2cce075a9cffa70dab00aed2',
        '2025-03-07 17:39:22'
    ),
    (
        '2550143c-f82e-453a-8568-8f6684d10877',
        10479.13,
        'CL-1024582-B',
        'a202143cf223f44b3c9449f810e4789a900376af269464037d6d7f0724b71cc1',
        '2024-09-13 17:01:35'
    ),
    (
        '448a278d-8b60-424a-a46b-4571a0ac7ef4',
        104.85,
        'KT-1058789-A',
        '8de5dae600b5b868dfb4c7e16b3eb2e36825287a2cce075a9cffa70dab00aed2',
        '2023-07-29 18:22:37'
    ),
    (
        '1c9c5fb4-a637-4ebf-b137-b6cd1c7c995d',
        11076.68,
        'CL-1024582-B',
        '20589548633df4b041d7bb115487abeb390c5445559234c29b25fa8e82ac1bb2',
        '2023-11-08 14:49:12'
    ),
    (
        '6e9965e7-d4b1-4f23-a02b-7265f316f714',
        123.4,
        'KT-1058789-A',
        '6199d15034c77723a36215601cbb2d8ccef56517b936d1fa7f0bbc9d7b53da06',
        '2023-05-22 02:10:37'
    ),
    (
        '549ce83d-c5d7-49ad-ab41-50f81c6583aa',
        53.75,
        'CL-1024582-A',
        '8de5dae600b5b868dfb4c7e16b3eb2e36825287a2cce075a9cffa70dab00aed2',
        '2023-11-20 21:20:04'
    ),
    (
        'eacf8a86-d082-494b-919c-2d54dd82256e',
        54.65,
        'CL-1024582-A',
        '394886d5430248d56875ebdf019ab4e8b1e5469a6251b0b9b6bd91c93dff114e',
        '2022-02-28 03:04:10'
    ),
    (
        'a1ecb976-213e-4a9b-94f6-659893db7033',
        2954.33,
        'MD-1089865-A',
        '394886d5430248d56875ebdf019ab4e8b1e5469a6251b0b9b6bd91c93dff114e',
        '2024-09-17 16:54:00'
    ),
    (
        'f39a172c-0c8e-4efb-a85f-c037675fb1a4',
        3104.95,
        'MD-1089865-A',
        '8de5dae600b5b868dfb4c7e16b3eb2e36825287a2cce075a9cffa70dab00aed2',
        '2023-09-07 16:05:23'
    ),
    (
        '356b7cf8-c315-43b9-b152-bc8501ce886b',
        117.85,
        'KT-1058789-A',
        '394886d5430248d56875ebdf019ab4e8b1e5469a6251b0b9b6bd91c93dff114e',
        '2022-09-17 21:42:00'
    ),
    (
        '27244b22-1b39-4fd9-a504-8ef4d6852494',
        87000.06,
        'DN-1096587-B',
        '6199d15034c77723a36215601cbb2d8ccef56517b936d1fa7f0bbc9d7b53da06',
        '2022-04-29 20:24:52'
    ),
    (
        '15ff1e09-ae1e-4a35-b440-c217189ea676',
        25292.13,
        'DN-1096587-A',
        'a202143cf223f44b3c9449f810e4789a900376af269464037d6d7f0724b71cc1',
        '2023-02-15 16:38:53'
    ),
    (
        'b1abb94a-d92b-49e0-95de-ec18e4f9760d',
        29459.34,
        'DN-1096587-A',
        '394886d5430248d56875ebdf019ab4e8b1e5469a6251b0b9b6bd91c93dff114e',
        '2023-07-01 04:15:37'
    ),
    (
        'da03f615-7438-415c-af82-524c11769fa8',
        2940.44,
        'MD-1089865-A',
        '6199d15034c77723a36215601cbb2d8ccef56517b936d1fa7f0bbc9d7b53da06',
        '2024-07-11 10:51:14'
    ),
    (
        '62c6cfe6-89cb-44e1-87e6-2502f2e47e90',
        72461.34,
        'DN-1096587-B',
        '8de5dae600b5b868dfb4c7e16b3eb2e36825287a2cce075a9cffa70dab00aed2',
        '2022-02-23 21:15:30'
    ),
    (
        '23ebe332-897a-4343-942f-1ea1102caed1',
        27141.8,
        'DN-1096587-A',
        '6199d15034c77723a36215601cbb2d8ccef56517b936d1fa7f0bbc9d7b53da06',
        '2022-11-14 01:29:51'
    ),
    (
        '5027131c-08ea-4666-914d-33ae35c9115b',
        26784.57,
        'DN-1096587-A',
        '8de5dae600b5b868dfb4c7e16b3eb2e36825287a2cce075a9cffa70dab00aed2',
        '2024-06-01 01:22:13'
    ),
    (
        '14b3f789-1050-4657-ac80-9c0929a97058',
        3381.87,
        'MD-1089865-A',
        '20589548633df4b041d7bb115487abeb390c5445559234c29b25fa8e82ac1bb2',
        '2024-10-16 13:43:29'
    ),
    (
        '0198fc0b-a1b4-45bd-823d-ef509a1567ee',
        11645.93,
        'CL-1024582-B',
        'a202143cf223f44b3c9449f810e4789a900376af269464037d6d7f0724b71cc1',
        '2023-12-08 08:46:14'
    ),
    (
        '70e0a47e-1152-4839-8403-920903c3dbec',
        52.23,
        'CL-1024582-A',
        '20589548633df4b041d7bb115487abeb390c5445559234c29b25fa8e82ac1bb2',
        '2023-11-30 21:19:09'
    ),
    (
        '01a33d83-588b-4bb4-be65-31b35971ce78',
        11410.39,
        'CL-1024582-B',
        'a202143cf223f44b3c9449f810e4789a900376af269464037d6d7f0724b71cc1',
        '2024-02-21 09:15:35'
    ),
    (
        '9f74ac44-d96f-4442-addc-7da94746b414',
        60.81,
        'CL-1024582-A',
        '20589548633df4b041d7bb115487abeb390c5445559234c29b25fa8e82ac1bb2',
        '2023-05-17 10:03:39'
    ),
    (
        '4951c667-9386-4284-9046-46334c5018cf',
        73276.76,
        'DN-1096587-B',
        '6199d15034c77723a36215601cbb2d8ccef56517b936d1fa7f0bbc9d7b53da06',
        '2023-10-11 21:16:07'
    ),
    (
        '30f584de-981d-4650-813e-21654916f6f1',
        56.44,
        'CL-1024582-A',
        'a202143cf223f44b3c9449f810e4789a900376af269464037d6d7f0724b71cc1',
        '2024-04-30 02:21:03'
    ),
    (
        '90c9391c-d4a1-4ce8-aa5e-4037a0cf7ca3',
        29874.93,
        'DN-1096587-A',
        '6199d15034c77723a36215601cbb2d8ccef56517b936d1fa7f0bbc9d7b53da06',
        '2023-04-08 13:45:49'
    ),
    (
        '282c420d-deaa-444a-9de9-fcd34ce4c078',
        83054.63,
        'DN-1096587-B',
        '20589548633df4b041d7bb115487abeb390c5445559234c29b25fa8e82ac1bb2',
        '2023-04-10 10:59:45'
    ),
    (
        'dfd77ce6-93ab-4f47-8497-9542ad117ff8',
        3358.38,
        'MD-1089865-A',
        'a202143cf223f44b3c9449f810e4789a900376af269464037d6d7f0724b71cc1',
        '2022-10-08 00:39:43'
    ),
    (
        '4e455dec-7ba5-4f25-86f7-a2bcc246d1a7',
        3086.7,
        'MD-1089865-A',
        '6199d15034c77723a36215601cbb2d8ccef56517b936d1fa7f0bbc9d7b53da06',
        '2022-06-25 21:07:41'
    ),
    (
        '7c3dd56f-4b7c-4749-8bb9-ee0b6965e70b',
        30411.25,
        'DN-1096587-A',
        '6199d15034c77723a36215601cbb2d8ccef56517b936d1fa7f0bbc9d7b53da06',
        '2022-03-18 13:21:35'
    ),
    (
        '0683d504-0d60-42c3-b9f5-9a97d8d90e9f',
        27615.92,
        'DN-1096587-A',
        '394886d5430248d56875ebdf019ab4e8b1e5469a6251b0b9b6bd91c93dff114e',
        '2022-01-06 11:33:16'
    ),
    (
        'c458f5af-af84-4f94-999a-223453517d94',
        2992.94,
        'MD-1089865-A',
        '394886d5430248d56875ebdf019ab4e8b1e5469a6251b0b9b6bd91c93dff114e',
        '2023-11-30 05:08:48'
    ),
    (
        '671f5f6a-93d1-4872-be72-4a25deb96b2f',
        11305.73,
        'CL-1024582-B',
        '8de5dae600b5b868dfb4c7e16b3eb2e36825287a2cce075a9cffa70dab00aed2',
        '2022-06-26 10:29:22'
    ),
    (
        '1862e407-09f5-4ba0-8c10-fd02f60e433b',
        26277.8,
        'DN-1096587-A',
        '394886d5430248d56875ebdf019ab4e8b1e5469a6251b0b9b6bd91c93dff114e',
        '2023-06-25 07:55:29'
    ),
    (
        'aa2072d4-832d-4deb-badc-9946a3ad61c5',
        10255.44,
        'CL-1024582-B',
        'a202143cf223f44b3c9449f810e4789a900376af269464037d6d7f0724b71cc1',
        '2025-02-03 04:37:38'
    ),
    (
        'da71f48c-9be5-45bb-be6c-98a3c67a7afa',
        59.98,
        'CL-1024582-A',
        '394886d5430248d56875ebdf019ab4e8b1e5469a6251b0b9b6bd91c93dff114e',
        '2023-08-15 16:26:42'
    ),
    (
        '55373afa-e7e7-4594-9811-5de174e93a5f',
        3286.36,
        'MD-1089865-A',
        '394886d5430248d56875ebdf019ab4e8b1e5469a6251b0b9b6bd91c93dff114e',
        '2023-09-15 13:45:05'
    ),
    (
        '2e0ffe5c-832c-416b-9e1a-f7b97009469f',
        116.94,
        'KT-1058789-A',
        'a202143cf223f44b3c9449f810e4789a900376af269464037d6d7f0724b71cc1',
        '2024-08-07 23:57:12'
    ),
    (
        '54bf0ab7-6336-4326-88db-2532a75312f0',
        119.05,
        'KT-1058789-A',
        '8de5dae600b5b868dfb4c7e16b3eb2e36825287a2cce075a9cffa70dab00aed2',
        '2024-11-23 16:46:45'
    ),
    (
        '21870e6f-0c95-4320-a622-c999831507cf',
        3277.18,
        'MD-1089865-A',
        '8de5dae600b5b868dfb4c7e16b3eb2e36825287a2cce075a9cffa70dab00aed2',
        '2023-09-06 15:41:41'
    ),
    (
        'a082eb1e-a23a-432c-9989-937701b6fc4d',
        2906.3,
        'MD-1089865-A',
        '20589548633df4b041d7bb115487abeb390c5445559234c29b25fa8e82ac1bb2',
        '2023-10-02 20:15:27'
    ),
    (
        'd42f52d3-dffc-43e7-99a3-7da727058db1',
        60.68,
        'CL-1024582-A',
        'a202143cf223f44b3c9449f810e4789a900376af269464037d6d7f0724b71cc1',
        '2024-02-06 18:51:19'
    ),
    (
        '18245c9f-aaa3-41af-838e-5425201c0533',
        52.63,
        'CL-1024582-A',
        'a202143cf223f44b3c9449f810e4789a900376af269464037d6d7f0724b71cc1',
        '2023-02-15 16:33:01'
    ),
    (
        '4972b871-80a9-4071-91f2-b0cdf296ccdf',
        85910.38,
        'DN-1096587-B',
        '8de5dae600b5b868dfb4c7e16b3eb2e36825287a2cce075a9cffa70dab00aed2',
        '2025-01-23 09:30:40'
    ),
    (
        '54e580cb-61df-448f-80c3-dd7be2b75ef3',
        11007.97,
        'CL-1024582-B',
        '20589548633df4b041d7bb115487abeb390c5445559234c29b25fa8e82ac1bb2',
        '2023-09-29 13:08:38'
    ),
    (
        'e8955b41-eb61-4a4c-a63e-213f0ef552ca',
        118.92,
        'KT-1058789-A',
        'a202143cf223f44b3c9449f810e4789a900376af269464037d6d7f0724b71cc1',
        '2023-09-10 06:36:21'
    ),
    (
        '9845b1a9-e0f1-47b1-82b5-8ade653c06f5',
        3269.44,
        'MD-1089865-A',
        '6199d15034c77723a36215601cbb2d8ccef56517b936d1fa7f0bbc9d7b53da06',
        '2025-06-30 09:40:06'
    ),
    (
        '146ce596-06c5-457f-91d3-3848eccb7674',
        3396.65,
        'MD-1089865-A',
        'a202143cf223f44b3c9449f810e4789a900376af269464037d6d7f0724b71cc1',
        '2022-06-01 19:05:44'
    ),
    (
        'c587b850-7a33-4045-92b1-f16a0e49de7d',
        3206.01,
        'MD-1089865-A',
        '8de5dae600b5b868dfb4c7e16b3eb2e36825287a2cce075a9cffa70dab00aed2',
        '2023-05-31 17:29:13'
    ),
    (
        '6a9ca399-0f91-49a6-8d13-6d5625f63df2',
        11041.7,
        'CL-1024582-B',
        '20589548633df4b041d7bb115487abeb390c5445559234c29b25fa8e82ac1bb2',
        '2022-08-09 07:22:56'
    ),
    (
        '147bf539-7980-4ac2-9c2c-8f2f0fd043c7',
        27769.71,
        'DN-1096587-A',
        'a202143cf223f44b3c9449f810e4789a900376af269464037d6d7f0724b71cc1',
        '2024-01-06 11:47:18'
    ),
    (
        'c978f69e-fdb2-4b0c-bac4-5ee00e5abdc9',
        104.09,
        'KT-1058789-A',
        '20589548633df4b041d7bb115487abeb390c5445559234c29b25fa8e82ac1bb2',
        '2022-12-24 09:40:26'
    ),
    (
        '9221dd88-c1b4-4dde-b48c-547f80b73a74',
        27447.9,
        'DN-1096587-A',
        '8de5dae600b5b868dfb4c7e16b3eb2e36825287a2cce075a9cffa70dab00aed2',
        '2024-11-17 06:55:22'
    ),
    (
        '2fff8df6-3464-43ce-90b9-25d5d3bbf3a1',
        120.32,
        'KT-1058789-A',
        '20589548633df4b041d7bb115487abeb390c5445559234c29b25fa8e82ac1bb2',
        '2022-08-14 10:09:34'
    ),
    (
        '86824c2a-cd4c-459d-865b-e136002187c0',
        27068.85,
        'DN-1096587-A',
        '6199d15034c77723a36215601cbb2d8ccef56517b936d1fa7f0bbc9d7b53da06',
        '2024-04-29 13:04:02'
    ),
    (
        '3e14b964-4e08-427c-b870-e9dc0379822e',
        74387.66,
        'DN-1096587-B',
        'a202143cf223f44b3c9449f810e4789a900376af269464037d6d7f0724b71cc1',
        '2023-04-30 04:51:25'
    ),
    (
        'a0edae04-e5f8-4526-beb3-86f7636d3b79',
        59.82,
        'CL-1024582-A',
        '8de5dae600b5b868dfb4c7e16b3eb2e36825287a2cce075a9cffa70dab00aed2',
        '2024-12-25 10:21:59'
    ),
    (
        '2a28d244-34fd-4547-a027-a47dfbf7dba8',
        104.02,
        'KT-1058789-A',
        '394886d5430248d56875ebdf019ab4e8b1e5469a6251b0b9b6bd91c93dff114e',
        '2024-11-30 16:43:21'
    ),
    (
        '3819313f-228b-49d8-a570-7a62fa595245',
        53.24,
        'CL-1024582-A',
        '394886d5430248d56875ebdf019ab4e8b1e5469a6251b0b9b6bd91c93dff114e',
        '2023-02-14 07:18:40'
    ),
    (
        '4b90424b-bdca-4723-8ca1-a9f7fba47040',
        29141.71,
        'DN-1096587-A',
        '6199d15034c77723a36215601cbb2d8ccef56517b936d1fa7f0bbc9d7b53da06',
        '2022-04-05 05:30:21'
    ),
    (
        '6d585c6a-f232-451b-a326-8a3a89cd8f3f',
        58.73,
        'CL-1024582-A',
        '20589548633df4b041d7bb115487abeb390c5445559234c29b25fa8e82ac1bb2',
        '2022-08-04 23:05:40'
    ),
    (
        '18633641-cf63-4747-8456-38c96f156dde',
        11879.87,
        'CL-1024582-B',
        '8de5dae600b5b868dfb4c7e16b3eb2e36825287a2cce075a9cffa70dab00aed2',
        '2023-06-05 04:09:45'
    ),
    (
        '4e0dfe04-229c-416b-a324-a6d7bc6f5639',
        29045.65,
        'DN-1096587-A',
        '394886d5430248d56875ebdf019ab4e8b1e5469a6251b0b9b6bd91c93dff114e',
        '2023-08-18 17:30:16'
    ),
    (
        'ecefaad7-0425-4856-98e6-d80a806390e0',
        3198.83,
        'MD-1089865-A',
        '6199d15034c77723a36215601cbb2d8ccef56517b936d1fa7f0bbc9d7b53da06',
        '2024-09-03 19:23:45'
    ),
    (
        'b3a6ac2e-39d7-4dac-926d-f5e90dadbf97',
        118.72,
        'KT-1058789-A',
        '6199d15034c77723a36215601cbb2d8ccef56517b936d1fa7f0bbc9d7b53da06',
        '2023-08-14 19:13:49'
    ),
    (
        '71ea1465-e4ae-48f1-a3dc-7987428e1d1c',
        27116.72,
        'DN-1096587-A',
        '394886d5430248d56875ebdf019ab4e8b1e5469a6251b0b9b6bd91c93dff114e',
        '2025-07-01 04:12:57'
    ),
    (
        '9d288af4-ef38-407f-99dd-050f46157b65',
        3246.87,
        'MD-1089865-A',
        '6199d15034c77723a36215601cbb2d8ccef56517b936d1fa7f0bbc9d7b53da06',
        '2024-12-30 02:22:05'
    ),
    (
        '561ae6a9-228b-4f0d-b9ba-9909c91bd266',
        9890.58,
        'CL-1024582-B',
        'a202143cf223f44b3c9449f810e4789a900376af269464037d6d7f0724b71cc1',
        '2024-11-30 12:42:59'
    ),
    (
        '653ce223-15f8-43d9-bdff-94f5bf03f697',
        3087.66,
        'MD-1089865-A',
        'a202143cf223f44b3c9449f810e4789a900376af269464037d6d7f0724b71cc1',
        '2024-07-22 06:18:59'
    ),
    (
        'e380d76d-ec12-46c7-8784-50612adea1f4',
        55.91,
        'CL-1024582-A',
        '8de5dae600b5b868dfb4c7e16b3eb2e36825287a2cce075a9cffa70dab00aed2',
        '2025-05-13 03:52:20'
    ),
    (
        'c3c93722-d100-4d46-a446-c5c3afc7831e',
        115.8,
        'KT-1058789-A',
        '394886d5430248d56875ebdf019ab4e8b1e5469a6251b0b9b6bd91c93dff114e',
        '2025-04-19 08:08:27'
    ),
    (
        '125d2577-3615-4d40-9049-a422dd077e48',
        61.64,
        'CL-1024582-A',
        '394886d5430248d56875ebdf019ab4e8b1e5469a6251b0b9b6bd91c93dff114e',
        '2022-09-04 02:26:00'
    ),
    (
        '4c3da59b-6406-4f26-8a72-ec4fc606b2d8',
        82593.79,
        'DN-1096587-B',
        'a202143cf223f44b3c9449f810e4789a900376af269464037d6d7f0724b71cc1',
        '2023-10-30 14:59:03'
    ),
    (
        '3b17c30f-2b1e-4b9b-b011-643c7e8d4506',
        53.77,
        'CL-1024582-A',
        '394886d5430248d56875ebdf019ab4e8b1e5469a6251b0b9b6bd91c93dff114e',
        '2025-01-23 18:14:17'
    ),
    (
        'e10296b2-6d96-4195-befa-07638a1bd962',
        30118.14,
        'DN-1096587-A',
        '394886d5430248d56875ebdf019ab4e8b1e5469a6251b0b9b6bd91c93dff114e',
        '2022-07-05 07:36:15'
    ),
    (
        '7058aaca-7de5-4a2f-81b1-be2a643384ac',
        111.57,
        'KT-1058789-A',
        '20589548633df4b041d7bb115487abeb390c5445559234c29b25fa8e82ac1bb2',
        '2024-05-09 23:49:43'
    ),
    (
        'f8593239-9ea4-4e75-b143-f8a8ed2f615b',
        122.64,
        'KT-1058789-A',
        '394886d5430248d56875ebdf019ab4e8b1e5469a6251b0b9b6bd91c93dff114e',
        '2024-02-26 09:50:46'
    ),
    (
        '4a1c32eb-53b0-4b27-9686-365a52e1e390',
        104.81,
        'KT-1058789-A',
        '20589548633df4b041d7bb115487abeb390c5445559234c29b25fa8e82ac1bb2',
        '2023-08-28 15:50:54'
    ),
    (
        '38227bbe-7a94-48c6-bcf4-6b0d10e96f2d',
        115.1,
        'KT-1058789-A',
        'a202143cf223f44b3c9449f810e4789a900376af269464037d6d7f0724b71cc1',
        '2022-02-26 23:17:18'
    ),
    (
        '72467317-e23a-418e-ae83-7938311fa5f9',
        54.91,
        'CL-1024582-A',
        '20589548633df4b041d7bb115487abeb390c5445559234c29b25fa8e82ac1bb2',
        '2023-06-11 21:54:09'
    ),
    (
        '6c911fa7-0ecf-435e-9982-4547a2b871ee',
        10023.08,
        'CL-1024582-B',
        '20589548633df4b041d7bb115487abeb390c5445559234c29b25fa8e82ac1bb2',
        '2022-10-11 03:17:54'
    ),
    (
        'da85e766-9ef5-44f7-bb5f-f0aa70146f36',
        26177.22,
        'DN-1096587-A',
        '8de5dae600b5b868dfb4c7e16b3eb2e36825287a2cce075a9cffa70dab00aed2',
        '2025-01-22 22:40:23'
    ),
    (
        'e5ced485-6996-473f-a518-f9b9a6933c2e',
        3098.84,
        'MD-1089865-A',
        'a202143cf223f44b3c9449f810e4789a900376af269464037d6d7f0724b71cc1',
        '2023-04-10 01:10:28'
    ),
    (
        '4f2e7d68-c67c-4888-8701-e0b4ad2a4d5d',
        60.4,
        'CL-1024582-A',
        '6199d15034c77723a36215601cbb2d8ccef56517b936d1fa7f0bbc9d7b53da06',
        '2023-08-30 08:53:22'
    ),
    (
        '48c54f46-a3df-4d6b-9231-f694edb4c4d2',
        28988.37,
        'DN-1096587-A',
        '6199d15034c77723a36215601cbb2d8ccef56517b936d1fa7f0bbc9d7b53da06',
        '2024-04-05 06:56:04'
    ),
    (
        '388df66f-7b27-4897-825f-df4e687657c4',
        123.01,
        'KT-1058789-A',
        '6199d15034c77723a36215601cbb2d8ccef56517b936d1fa7f0bbc9d7b53da06',
        '2023-09-02 13:37:25'
    ),
    (
        '24de89b2-334c-4758-926e-198f03f952a1',
        26991.24,
        'DN-1096587-A',
        '394886d5430248d56875ebdf019ab4e8b1e5469a6251b0b9b6bd91c93dff114e',
        '2023-03-30 05:02:27'
    ),
    (
        '885f3a1c-8975-4d5d-824c-83bd23ef7321',
        10037.45,
        'CL-1024582-B',
        'a202143cf223f44b3c9449f810e4789a900376af269464037d6d7f0724b71cc1',
        '2025-03-25 18:24:53'
    ),
    (
        'b305a2af-eec0-4756-90ea-1d2de11b2d9d',
        104.92,
        'KT-1058789-A',
        '20589548633df4b041d7bb115487abeb390c5445559234c29b25fa8e82ac1bb2',
        '2025-05-31 13:51:34'
    ),
    (
        'fe1e963e-7660-4616-8bc3-52ad08e134cf',
        9999.75,
        'CL-1024582-B',
        '6199d15034c77723a36215601cbb2d8ccef56517b936d1fa7f0bbc9d7b53da06',
        '2023-04-04 10:06:01'
    ),
    (
        '5f63e867-4fac-4d00-93e7-d1c45132f3dd',
        25899.28,
        'DN-1096587-A',
        'a202143cf223f44b3c9449f810e4789a900376af269464037d6d7f0724b71cc1',
        '2024-06-13 00:08:34'
    ),
    (
        'a5f1838c-79cc-4b9c-9f1f-8d2a5e78b4e1',
        59.77,
        'CL-1024582-A',
        '394886d5430248d56875ebdf019ab4e8b1e5469a6251b0b9b6bd91c93dff114e',
        '2023-07-30 04:27:48'
    ),
    (
        'e64708b2-5d74-499d-9aa9-c2e42a05df0b',
        10219.93,
        'CL-1024582-B',
        '6199d15034c77723a36215601cbb2d8ccef56517b936d1fa7f0bbc9d7b53da06',
        '2024-11-24 16:46:35'
    ),
    (
        'f4de3bd7-30eb-41e1-bec1-b398baeb1ea2',
        3350.8,
        'MD-1089865-A',
        '6199d15034c77723a36215601cbb2d8ccef56517b936d1fa7f0bbc9d7b53da06',
        '2022-12-24 15:42:25'
    ),
    (
        '1cd07175-a054-4e22-ac74-e720bcb782de',
        2880.84,
        'MD-1089865-A',
        '20589548633df4b041d7bb115487abeb390c5445559234c29b25fa8e82ac1bb2',
        '2022-04-23 14:08:29'
    ),
    (
        'a5dbb516-3c08-4cb7-b932-c2f6d2313f32',
        3365.29,
        'MD-1089865-A',
        '6199d15034c77723a36215601cbb2d8ccef56517b936d1fa7f0bbc9d7b53da06',
        '2022-11-20 08:30:50'
    ),
    (
        '5e8d54f3-b150-4a3e-9b11-6894eca92cdd',
        26353.4,
        'DN-1096587-A',
        '20589548633df4b041d7bb115487abeb390c5445559234c29b25fa8e82ac1bb2',
        '2025-05-09 09:30:04'
    ),
    (
        '0fd18a18-948c-4070-8bda-3901362c0079',
        28889.96,
        'DN-1096587-A',
        '20589548633df4b041d7bb115487abeb390c5445559234c29b25fa8e82ac1bb2',
        '2022-08-26 12:22:48'
    ),
    (
        'c29c2e71-17f2-44e1-8a84-873a72aeebba',
        101.88,
        'KT-1058789-A',
        '394886d5430248d56875ebdf019ab4e8b1e5469a6251b0b9b6bd91c93dff114e',
        '2023-10-16 19:10:24'
    ),
    (
        'd3630785-882d-4b1c-a659-8deab3d52795',
        11819.47,
        'CL-1024582-B',
        '394886d5430248d56875ebdf019ab4e8b1e5469a6251b0b9b6bd91c93dff114e',
        '2023-10-05 20:35:38'
    ),
    (
        '6fdf4677-4b45-4401-8530-911dcd8a41e0',
        28001.5,
        'DN-1096587-A',
        '20589548633df4b041d7bb115487abeb390c5445559234c29b25fa8e82ac1bb2',
        '2023-02-28 11:51:26'
    ),
    (
        'e84a1e06-12de-4c10-b020-c9cdcfc022d5',
        11654.88,
        'CL-1024582-B',
        '8de5dae600b5b868dfb4c7e16b3eb2e36825287a2cce075a9cffa70dab00aed2',
        '2022-12-09 14:12:18'
    ),
    (
        '1aa33129-f77e-4abd-96e7-babd16ef662d',
        113.03,
        'KT-1058789-A',
        '6199d15034c77723a36215601cbb2d8ccef56517b936d1fa7f0bbc9d7b53da06',
        '2025-01-11 05:19:07'
    ),
    (
        '1aa68ecf-12cf-42eb-b940-a6b7aa73473c',
        84962.55,
        'DN-1096587-B',
        'a202143cf223f44b3c9449f810e4789a900376af269464037d6d7f0724b71cc1',
        '2023-09-24 15:48:42'
    ),
    (
        '075eabba-e6dc-46e5-88bc-edf1abb1c7ac',
        80213.84,
        'DN-1096587-B',
        '6199d15034c77723a36215601cbb2d8ccef56517b936d1fa7f0bbc9d7b53da06',
        '2023-08-19 04:48:09'
    ),
    (
        'bf6431d3-1ca0-4eca-9f78-692f3dea0979',
        29595.84,
        'DN-1096587-A',
        '6199d15034c77723a36215601cbb2d8ccef56517b936d1fa7f0bbc9d7b53da06',
        '2023-09-04 22:32:26'
    ),
    (
        'd0f7da70-a18b-4e95-bc27-a85cd40d5827',
        55.04,
        'CL-1024582-A',
        '6199d15034c77723a36215601cbb2d8ccef56517b936d1fa7f0bbc9d7b53da06',
        '2022-03-07 04:44:57'
    ),
    (
        '723ba7ee-58f1-41c8-987a-f960667fa512',
        73123.8,
        'DN-1096587-B',
        '394886d5430248d56875ebdf019ab4e8b1e5469a6251b0b9b6bd91c93dff114e',
        '2022-07-15 18:47:33'
    ),
    (
        'd037cd65-31dc-43ce-9d51-26b3e8bc3836',
        10301.47,
        'CL-1024582-B',
        '8de5dae600b5b868dfb4c7e16b3eb2e36825287a2cce075a9cffa70dab00aed2',
        '2023-06-05 17:25:43'
    ),
    (
        '87c3bc19-3ca2-43e2-ac7c-06ecd716fe9c',
        58.36,
        'CL-1024582-A',
        '20589548633df4b041d7bb115487abeb390c5445559234c29b25fa8e82ac1bb2',
        '2023-04-20 03:43:26'
    ),
    (
        'fd291f91-daf3-41e2-853d-005452d545e2',
        119.46,
        'KT-1058789-A',
        '20589548633df4b041d7bb115487abeb390c5445559234c29b25fa8e82ac1bb2',
        '2022-02-22 09:28:40'
    ),
    (
        'd521b929-4c63-48ae-a0e5-aae9ff2a52de',
        10341.2,
        'CL-1024582-B',
        '394886d5430248d56875ebdf019ab4e8b1e5469a6251b0b9b6bd91c93dff114e',
        '2022-01-14 10:07:37'
    ),
    (
        '1b9fe329-e884-4d3c-b287-ffc90aa55141',
        2990.32,
        'MD-1089865-A',
        '20589548633df4b041d7bb115487abeb390c5445559234c29b25fa8e82ac1bb2',
        '2023-12-15 10:24:50'
    ),
    (
        '9fba9f4f-a479-4366-a447-ceb436c79ee6',
        11008.55,
        'CL-1024582-B',
        '20589548633df4b041d7bb115487abeb390c5445559234c29b25fa8e82ac1bb2',
        '2025-07-16 20:56:33'
    ),
    (
        '82782247-2fa8-4bac-86d2-bc1f39c67303',
        57.09,
        'CL-1024582-A',
        '8de5dae600b5b868dfb4c7e16b3eb2e36825287a2cce075a9cffa70dab00aed2',
        '2024-09-13 06:43:15'
    ),
    (
        '05552e7a-7b40-43dc-81b7-3a942004ae24',
        27011.98,
        'DN-1096587-A',
        '6199d15034c77723a36215601cbb2d8ccef56517b936d1fa7f0bbc9d7b53da06',
        '2024-07-11 05:46:57'
    ),
    (
        'fdf7ba5b-6bca-4fb0-a955-0c48b4ab4bea',
        60.74,
        'CL-1024582-A',
        '20589548633df4b041d7bb115487abeb390c5445559234c29b25fa8e82ac1bb2',
        '2024-11-23 05:47:12'
    ),
    (
        '942337f9-1a58-4a2a-83f8-8c848958f63f',
        3116.55,
        'MD-1089865-A',
        '6199d15034c77723a36215601cbb2d8ccef56517b936d1fa7f0bbc9d7b53da06',
        '2023-10-01 03:05:23'
    ),
    (
        '2ff92a8f-93d0-4940-81f3-51bbe701c1d6',
        79561.1,
        'DN-1096587-B',
        '6199d15034c77723a36215601cbb2d8ccef56517b936d1fa7f0bbc9d7b53da06',
        '2024-06-25 05:24:44'
    ),
    (
        'cfd907f8-a951-4c0e-a63e-f7b5fb67e968',
        106.11,
        'KT-1058789-A',
        '8de5dae600b5b868dfb4c7e16b3eb2e36825287a2cce075a9cffa70dab00aed2',
        '2025-04-26 22:47:33'
    ),
    (
        '60aacd6d-125e-4613-8c60-29d75d3e4661',
        85812.32,
        'DN-1096587-B',
        '20589548633df4b041d7bb115487abeb390c5445559234c29b25fa8e82ac1bb2',
        '2022-08-19 19:25:08'
    ),
    (
        '2b08ff02-5727-45c6-aec3-96c7ed0b1d7c',
        119.24,
        'KT-1058789-A',
        '20589548633df4b041d7bb115487abeb390c5445559234c29b25fa8e82ac1bb2',
        '2024-09-22 19:04:41'
    ),
    (
        '345f7e4f-2b2d-442c-9c4f-d14af2dcfc67',
        26438.02,
        'DN-1096587-A',
        '20589548633df4b041d7bb115487abeb390c5445559234c29b25fa8e82ac1bb2',
        '2024-02-23 10:46:25'
    ),
    (
        '7e78932f-5d19-465b-963f-b27b46765a83',
        102.94,
        'KT-1058789-A',
        '8de5dae600b5b868dfb4c7e16b3eb2e36825287a2cce075a9cffa70dab00aed2',
        '2022-03-12 00:22:48'
    ),
    (
        '88cec742-c98e-48ca-8abf-0d14fd791ff1',
        27782.63,
        'DN-1096587-A',
        '20589548633df4b041d7bb115487abeb390c5445559234c29b25fa8e82ac1bb2',
        '2024-06-02 10:36:00'
    ),
    (
        '6dbfec13-769f-43ca-85f0-82314aca2f4e',
        105.62,
        'KT-1058789-A',
        '8de5dae600b5b868dfb4c7e16b3eb2e36825287a2cce075a9cffa70dab00aed2',
        '2025-03-25 23:08:03'
    ),
    (
        'f90fc4ff-d310-4622-897b-c42794509c87',
        25085.19,
        'DN-1096587-A',
        'a202143cf223f44b3c9449f810e4789a900376af269464037d6d7f0724b71cc1',
        '2022-12-22 16:16:09'
    ),
    (
        '5823cf95-29c5-48d1-8d60-a9e41faf68de',
        27459.57,
        'DN-1096587-A',
        'a202143cf223f44b3c9449f810e4789a900376af269464037d6d7f0724b71cc1',
        '2024-12-11 12:23:27'
    ),
    (
        'a2794a07-9711-4e1e-9bc9-9758654bd26c',
        26426.27,
        'DN-1096587-A',
        'a202143cf223f44b3c9449f810e4789a900376af269464037d6d7f0724b71cc1',
        '2025-01-24 04:30:58'
    ),
    (
        '085805a4-509f-4292-a2a7-2acc6a6877da',
        11979.77,
        'CL-1024582-B',
        '20589548633df4b041d7bb115487abeb390c5445559234c29b25fa8e82ac1bb2',
        '2023-05-24 19:45:24'
    ),
    (
        '8ab62966-7eb7-4920-9f29-418c58a69815',
        58.56,
        'CL-1024582-A',
        '394886d5430248d56875ebdf019ab4e8b1e5469a6251b0b9b6bd91c93dff114e',
        '2023-02-02 07:38:51'
    ),
    (
        'eb51e5eb-c164-4e86-8978-2ea0fe8fcc10',
        55.67,
        'CL-1024582-A',
        '20589548633df4b041d7bb115487abeb390c5445559234c29b25fa8e82ac1bb2',
        '2024-12-25 12:01:02'
    ),
    (
        'b0f196ac-5321-405e-99f4-78f9941eaaba',
        116.39,
        'KT-1058789-A',
        '6199d15034c77723a36215601cbb2d8ccef56517b936d1fa7f0bbc9d7b53da06',
        '2022-03-07 02:17:26'
    ),
    (
        '8e1386e8-5048-441e-972a-954aef59e42b',
        114.33,
        'KT-1058789-A',
        '8de5dae600b5b868dfb4c7e16b3eb2e36825287a2cce075a9cffa70dab00aed2',
        '2025-03-20 21:15:30'
    ),
    (
        '6ca8d703-32f3-407c-a424-5c4bf4078a22',
        3240.28,
        'MD-1089865-A',
        '8de5dae600b5b868dfb4c7e16b3eb2e36825287a2cce075a9cffa70dab00aed2',
        '2024-06-29 20:06:55'
    ),
    (
        '596a847a-c2fa-4faa-a865-175a2fd625dc',
        11282.59,
        'CL-1024582-B',
        '8de5dae600b5b868dfb4c7e16b3eb2e36825287a2cce075a9cffa70dab00aed2',
        '2025-02-09 01:13:38'
    ),
    (
        'd567e794-1cc3-454f-b223-51412a91c76d',
        28900.02,
        'DN-1096587-A',
        '20589548633df4b041d7bb115487abeb390c5445559234c29b25fa8e82ac1bb2',
        '2023-12-22 02:02:31'
    ),
    (
        '7367bfe9-5676-41eb-8a37-33ba4cb04ff3',
        10978.41,
        'CL-1024582-B',
        '6199d15034c77723a36215601cbb2d8ccef56517b936d1fa7f0bbc9d7b53da06',
        '2023-03-14 09:33:05'
    ),
    (
        'd8ca5930-ce1e-41db-8ec0-c2735a85772b',
        55.15,
        'CL-1024582-A',
        '6199d15034c77723a36215601cbb2d8ccef56517b936d1fa7f0bbc9d7b53da06',
        '2022-04-23 22:06:05'
    ),
    (
        '72af1fb6-3173-4b54-ad74-d26c7bfc0be9',
        55.34,
        'CL-1024582-A',
        '394886d5430248d56875ebdf019ab4e8b1e5469a6251b0b9b6bd91c93dff114e',
        '2025-01-21 09:21:30'
    ),
    (
        '69c209b9-6b6a-4129-9cd6-3eb678307ad3',
        106.01,
        'KT-1058789-A',
        '394886d5430248d56875ebdf019ab4e8b1e5469a6251b0b9b6bd91c93dff114e',
        '2024-12-11 08:46:20'
    ),
    (
        '75c0131f-4211-46c6-948e-d7ae782b031b',
        123.66,
        'KT-1058789-A',
        'a202143cf223f44b3c9449f810e4789a900376af269464037d6d7f0724b71cc1',
        '2023-10-21 01:56:32'
    ),
    (
        '06f31fa5-df0c-497f-bfc8-4a7ea88f39dc',
        58.08,
        'CL-1024582-A',
        '20589548633df4b041d7bb115487abeb390c5445559234c29b25fa8e82ac1bb2',
        '2023-01-15 23:15:02'
    ),
    (
        '2e30b6bf-f97a-427b-ab01-767c3fe5fe5b',
        11406.85,
        'CL-1024582-B',
        '20589548633df4b041d7bb115487abeb390c5445559234c29b25fa8e82ac1bb2',
        '2022-03-09 08:06:43'
    ),
    (
        'e05b41ce-7dd5-4266-beb8-ffbb00a7e6ac',
        2825.87,
        'MD-1089865-A',
        '8de5dae600b5b868dfb4c7e16b3eb2e36825287a2cce075a9cffa70dab00aed2',
        '2023-06-02 08:39:52'
    ),
    (
        '240c2e9b-cf01-4375-bf41-ab4401fe8091',
        2934.91,
        'MD-1089865-A',
        '394886d5430248d56875ebdf019ab4e8b1e5469a6251b0b9b6bd91c93dff114e',
        '2024-10-15 13:28:09'
    ),
    (
        '72e4d91c-7f7d-48b6-8766-0bda8d123915',
        109.9,
        'KT-1058789-A',
        '20589548633df4b041d7bb115487abeb390c5445559234c29b25fa8e82ac1bb2',
        '2022-12-31 06:19:36'
    ),
    (
        'b2bcc7f7-9bf5-4911-95dd-486e9be5a4ed',
        114.97,
        'KT-1058789-A',
        '20589548633df4b041d7bb115487abeb390c5445559234c29b25fa8e82ac1bb2',
        '2023-09-13 01:42:35'
    ),
    (
        'd80c5d8e-ac6a-49cf-95b0-c9fcf2f55ad6',
        122.22,
        'KT-1058789-A',
        '394886d5430248d56875ebdf019ab4e8b1e5469a6251b0b9b6bd91c93dff114e',
        '2023-03-03 20:03:51'
    ),
    (
        '56ac35f6-3890-4c56-aaac-384faa24772b',
        30519.41,
        'DN-1096587-A',
        'a202143cf223f44b3c9449f810e4789a900376af269464037d6d7f0724b71cc1',
        '2023-03-16 11:09:20'
    ),
    (
        '48df6553-8492-4918-ada1-669beb4c4fbb',
        3095.45,
        'MD-1089865-A',
        '8de5dae600b5b868dfb4c7e16b3eb2e36825287a2cce075a9cffa70dab00aed2',
        '2025-03-21 15:50:35'
    ),
    (
        '34c22ea9-efc6-4c16-8989-6279af607d0e',
        11977.86,
        'CL-1024582-B',
        'a202143cf223f44b3c9449f810e4789a900376af269464037d6d7f0724b71cc1',
        '2023-08-09 21:56:08'
    ),
    (
        'e725416e-784e-492f-b604-3df9cab631b8',
        3299.76,
        'MD-1089865-A',
        '8de5dae600b5b868dfb4c7e16b3eb2e36825287a2cce075a9cffa70dab00aed2',
        '2023-07-11 09:10:15'
    ),
    (
        'ae853a81-d49e-488b-bbd4-f6fce822d7e2',
        25698.85,
        'DN-1096587-A',
        '394886d5430248d56875ebdf019ab4e8b1e5469a6251b0b9b6bd91c93dff114e',
        '2023-10-06 11:59:49'
    ),
    (
        '4a1c31a7-a441-4687-af33-49d760417c6e',
        78974.98,
        'DN-1096587-B',
        '8de5dae600b5b868dfb4c7e16b3eb2e36825287a2cce075a9cffa70dab00aed2',
        '2023-12-05 06:06:43'
    ),
    (
        'e5714cee-caf7-4a6b-98ad-01d1c9395e71',
        55.84,
        'CL-1024582-A',
        '20589548633df4b041d7bb115487abeb390c5445559234c29b25fa8e82ac1bb2',
        '2023-10-21 04:57:03'
    ),
    (
        'fa66c233-7d53-4c2d-8d85-07c1ec5af390',
        9908.09,
        'CL-1024582-B',
        '394886d5430248d56875ebdf019ab4e8b1e5469a6251b0b9b6bd91c93dff114e',
        '2022-01-07 04:51:09'
    ),
    (
        'a2bf0727-b7c6-4734-a424-27fb0ccbbcb9',
        28563.08,
        'DN-1096587-A',
        '394886d5430248d56875ebdf019ab4e8b1e5469a6251b0b9b6bd91c93dff114e',
        '2025-03-30 12:48:32'
    ),
    (
        'de20f3e2-e3f5-4c9f-9b19-e207111e82b5',
        55.21,
        'CL-1024582-A',
        '20589548633df4b041d7bb115487abeb390c5445559234c29b25fa8e82ac1bb2',
        '2022-08-06 11:40:28'
    ),
    (
        '1d4d0636-f37b-4f36-a1cb-b0bc22bb5fd2',
        29462.65,
        'DN-1096587-A',
        'a202143cf223f44b3c9449f810e4789a900376af269464037d6d7f0724b71cc1',
        '2023-09-13 15:26:46'
    ),
    (
        '23943bb0-c0ba-47c3-ac4f-e3d45bf760b7',
        75170.06,
        'DN-1096587-B',
        '20589548633df4b041d7bb115487abeb390c5445559234c29b25fa8e82ac1bb2',
        '2022-06-27 21:41:11'
    ),
    (
        '0c3d0dfd-151d-4e7d-8aaf-a03e1efc3e36',
        3272.39,
        'MD-1089865-A',
        '394886d5430248d56875ebdf019ab4e8b1e5469a6251b0b9b6bd91c93dff114e',
        '2022-05-20 08:29:39'
    ),
    (
        '438b2392-dcce-40da-b960-bdf93bedc276',
        3246.58,
        'MD-1089865-A',
        'a202143cf223f44b3c9449f810e4789a900376af269464037d6d7f0724b71cc1',
        '2023-10-30 17:53:39'
    ),
    (
        '414ce365-9ede-45c4-9e10-d9efffcbe9c2',
        27042.06,
        'DN-1096587-A',
        'a202143cf223f44b3c9449f810e4789a900376af269464037d6d7f0724b71cc1',
        '2023-01-25 06:04:16'
    ),
    (
        '5aa530c0-30bd-4d32-906f-6aa38e94513e',
        3188.07,
        'MD-1089865-A',
        '8de5dae600b5b868dfb4c7e16b3eb2e36825287a2cce075a9cffa70dab00aed2',
        '2024-08-05 02:49:11'
    ),
    (
        'e1304922-4ce0-4542-a6e5-c79541b841e1',
        27448.49,
        'DN-1096587-A',
        'a202143cf223f44b3c9449f810e4789a900376af269464037d6d7f0724b71cc1',
        '2022-11-04 11:30:43'
    ),
    (
        'c3d5ef0e-6edb-4123-8366-48636d732269',
        10980.83,
        'CL-1024582-B',
        '394886d5430248d56875ebdf019ab4e8b1e5469a6251b0b9b6bd91c93dff114e',
        '2023-01-21 19:37:37'
    ),
    (
        '6940b730-ad3f-46f4-8941-c0af95b0df1d',
        3040.81,
        'MD-1089865-A',
        '8de5dae600b5b868dfb4c7e16b3eb2e36825287a2cce075a9cffa70dab00aed2',
        '2023-03-20 10:18:49'
    ),
    (
        '5ddb908b-9542-42fd-92e9-3653f12ceeb9',
        51.56,
        'CL-1024582-A',
        '6199d15034c77723a36215601cbb2d8ccef56517b936d1fa7f0bbc9d7b53da06',
        '2024-11-02 01:34:42'
    ),
    (
        '9632fc40-38c7-46a9-9de6-ea3588f19839',
        53.81,
        'CL-1024582-A',
        'a202143cf223f44b3c9449f810e4789a900376af269464037d6d7f0724b71cc1',
        '2023-07-30 11:00:49'
    ),
    (
        'cbb4d1d4-3620-43c7-ab18-ad5180c17e6b',
        54.45,
        'CL-1024582-A',
        'a202143cf223f44b3c9449f810e4789a900376af269464037d6d7f0724b71cc1',
        '2023-08-17 10:34:23'
    ),
    (
        '6679d2a2-7472-45e3-827e-c3a95efdc922',
        52.41,
        'CL-1024582-A',
        '6199d15034c77723a36215601cbb2d8ccef56517b936d1fa7f0bbc9d7b53da06',
        '2024-08-06 21:09:20'
    ),
    (
        'c3772d77-13c4-4ced-9896-0e5be6b4a227',
        102.94,
        'KT-1058789-A',
        '8de5dae600b5b868dfb4c7e16b3eb2e36825287a2cce075a9cffa70dab00aed2',
        '2024-11-16 04:01:38'
    ),
    (
        '8661875f-91fd-4c4b-b28e-e327b0afb97e',
        107.02,
        'KT-1058789-A',
        '8de5dae600b5b868dfb4c7e16b3eb2e36825287a2cce075a9cffa70dab00aed2',
        '2024-02-19 00:09:31'
    ),
    (
        '31632bff-ccb5-4639-8055-f4b4808eee08',
        57.7,
        'CL-1024582-A',
        '6199d15034c77723a36215601cbb2d8ccef56517b936d1fa7f0bbc9d7b53da06',
        '2025-05-30 22:38:06'
    ),
    (
        'bc440205-07a0-4cfc-b606-af598a1c5c64',
        25351.89,
        'DN-1096587-A',
        '8de5dae600b5b868dfb4c7e16b3eb2e36825287a2cce075a9cffa70dab00aed2',
        '2022-12-05 02:48:10'
    ),
    (
        'bc1063a2-1d75-4459-81ba-3de940e35974',
        115.14,
        'KT-1058789-A',
        'a202143cf223f44b3c9449f810e4789a900376af269464037d6d7f0724b71cc1',
        '2025-07-11 22:53:46'
    ),
    (
        '9560d0cb-90b6-4299-a669-ba91ca9b9a2c',
        30049.12,
        'DN-1096587-A',
        '6199d15034c77723a36215601cbb2d8ccef56517b936d1fa7f0bbc9d7b53da06',
        '2022-10-17 13:03:38'
    ),
    (
        'c74b8746-199f-440c-bc46-a4d55f6d5c54',
        30496.5,
        'DN-1096587-A',
        '20589548633df4b041d7bb115487abeb390c5445559234c29b25fa8e82ac1bb2',
        '2022-01-28 12:04:08'
    ),
    (
        'ab86db44-bc52-401b-a207-62a3883bfaaa',
        26108.13,
        'DN-1096587-A',
        '20589548633df4b041d7bb115487abeb390c5445559234c29b25fa8e82ac1bb2',
        '2025-07-03 20:16:03'
    ),
    (
        '3b723049-42c7-460c-bf08-00cb21822ebc',
        76948.59,
        'DN-1096587-B',
        '394886d5430248d56875ebdf019ab4e8b1e5469a6251b0b9b6bd91c93dff114e',
        '2024-06-28 04:01:47'
    ),
    (
        '83ed48ff-0263-40e4-ab59-6b8ee16d05fb',
        53.86,
        'CL-1024582-A',
        'a202143cf223f44b3c9449f810e4789a900376af269464037d6d7f0724b71cc1',
        '2024-03-24 16:21:19'
    ),
    (
        'c14b6735-f972-49be-9289-a81aea29ea0d',
        72604.25,
        'DN-1096587-B',
        '20589548633df4b041d7bb115487abeb390c5445559234c29b25fa8e82ac1bb2',
        '2023-05-08 05:47:01'
    ),
    (
        'f9f68a8e-549c-4f6b-a544-736c1ea3d591',
        57.92,
        'CL-1024582-A',
        '6199d15034c77723a36215601cbb2d8ccef56517b936d1fa7f0bbc9d7b53da06',
        '2025-03-17 21:30:02'
    ),
    (
        '7f64991b-9633-4a9f-808a-69dd57cfdaeb',
        114.48,
        'KT-1058789-A',
        'a202143cf223f44b3c9449f810e4789a900376af269464037d6d7f0724b71cc1',
        '2024-10-20 16:36:21'
    ),
    (
        '7abf698b-0209-449e-875c-bdaf20aa9152',
        25422.9,
        'DN-1096587-A',
        '394886d5430248d56875ebdf019ab4e8b1e5469a6251b0b9b6bd91c93dff114e',
        '2024-08-14 15:44:28'
    ),
    (
        '11fa021b-cb65-4def-b0f1-f5ff9abee01f',
        11927.85,
        'CL-1024582-B',
        '6199d15034c77723a36215601cbb2d8ccef56517b936d1fa7f0bbc9d7b53da06',
        '2023-05-22 14:51:27'
    ),
    (
        '908f0f11-0eae-490d-897c-4ca34c0e7c4e',
        10389.01,
        'CL-1024582-B',
        '8de5dae600b5b868dfb4c7e16b3eb2e36825287a2cce075a9cffa70dab00aed2',
        '2024-11-02 09:08:56'
    ),
    (
        '186a71c3-c224-4727-ad83-b55048814779',
        3295.66,
        'MD-1089865-A',
        '6199d15034c77723a36215601cbb2d8ccef56517b936d1fa7f0bbc9d7b53da06',
        '2024-09-23 21:21:14'
    ),
    (
        '62d2593b-4fc4-4fc8-a20f-fe3963967101',
        85838.08,
        'DN-1096587-B',
        '394886d5430248d56875ebdf019ab4e8b1e5469a6251b0b9b6bd91c93dff114e',
        '2023-12-07 18:34:37'
    ),
    (
        'efa69d2e-ff93-44fe-bf89-7dddad920fa4',
        3178.31,
        'MD-1089865-A',
        '20589548633df4b041d7bb115487abeb390c5445559234c29b25fa8e82ac1bb2',
        '2022-08-01 18:21:27'
    ),
    (
        'd5056005-3e28-4d98-b156-9656a73b645c',
        10872.06,
        'CL-1024582-B',
        '394886d5430248d56875ebdf019ab4e8b1e5469a6251b0b9b6bd91c93dff114e',
        '2023-03-06 05:56:29'
    ),
    (
        'ea223e96-29de-48d4-8eec-559c43688014',
        107.22,
        'KT-1058789-A',
        '8de5dae600b5b868dfb4c7e16b3eb2e36825287a2cce075a9cffa70dab00aed2',
        '2025-05-19 13:27:00'
    ),
    (
        'a953ee31-c588-42d5-bb13-9a6696b1e2aa',
        60.66,
        'CL-1024582-A',
        'a202143cf223f44b3c9449f810e4789a900376af269464037d6d7f0724b71cc1',
        '2024-06-19 20:45:36'
    ),
    (
        'b1d3449f-47f2-40e4-9a0c-f2fe35ea8d00',
        119.36,
        'KT-1058789-A',
        '20589548633df4b041d7bb115487abeb390c5445559234c29b25fa8e82ac1bb2',
        '2023-01-09 04:39:53'
    ),
    (
        '63defed6-276d-477f-9111-957e1d57381a',
        78726.84,
        'DN-1096587-B',
        '394886d5430248d56875ebdf019ab4e8b1e5469a6251b0b9b6bd91c93dff114e',
        '2023-02-26 18:22:51'
    ),
    (
        '6ba88cf5-7fb7-4b80-a9a8-2f105e60d915',
        28807.9,
        'DN-1096587-A',
        '394886d5430248d56875ebdf019ab4e8b1e5469a6251b0b9b6bd91c93dff114e',
        '2023-05-24 16:16:55'
    ),
    (
        '50bdfcc6-5eec-4a12-988c-47756fe6f51b',
        11739.78,
        'CL-1024582-B',
        '6199d15034c77723a36215601cbb2d8ccef56517b936d1fa7f0bbc9d7b53da06',
        '2024-06-01 01:33:15'
    ),
    (
        '3f4d608c-0ade-483a-b9ea-e58862178233',
        51.74,
        'CL-1024582-A',
        '8de5dae600b5b868dfb4c7e16b3eb2e36825287a2cce075a9cffa70dab00aed2',
        '2024-02-11 01:19:33'
    ),
    (
        '914a60e8-be3a-4f43-b0e8-f0150ba0a3cd',
        53.07,
        'CL-1024582-A',
        'a202143cf223f44b3c9449f810e4789a900376af269464037d6d7f0724b71cc1',
        '2023-12-29 06:29:45'
    ),
    (
        '80d902ae-d0c9-402f-b05c-4508b274db17',
        11937.99,
        'CL-1024582-B',
        '394886d5430248d56875ebdf019ab4e8b1e5469a6251b0b9b6bd91c93dff114e',
        '2022-08-09 02:32:33'
    ),
    (
        '4d61c0d2-ae7b-44e1-90e3-f948f3489794',
        56.92,
        'CL-1024582-A',
        '20589548633df4b041d7bb115487abeb390c5445559234c29b25fa8e82ac1bb2',
        '2024-06-09 15:42:13'
    ),
    (
        'b34a7f76-33d1-459a-bc0b-3c954e51c077',
        10513.19,
        'CL-1024582-B',
        '20589548633df4b041d7bb115487abeb390c5445559234c29b25fa8e82ac1bb2',
        '2025-07-06 23:08:44'
    ),
    (
        '663bde44-45c2-4934-ae46-d1f35e61d166',
        79738.88,
        'DN-1096587-B',
        '394886d5430248d56875ebdf019ab4e8b1e5469a6251b0b9b6bd91c93dff114e',
        '2022-04-18 01:49:14'
    ),
    (
        'dd78010e-d50a-4125-a6f6-6d95c7a217b9',
        86843.69,
        'DN-1096587-B',
        'a202143cf223f44b3c9449f810e4789a900376af269464037d6d7f0724b71cc1',
        '2024-06-05 22:25:21'
    );